Referring page URL,Domain rating,Referring domains,Target URL,Anchor,First seen,Type
https://quietreview.com/posts/202,80.0,"2,778",https://acme-outdoors.com/,read more,2026-03-04,Dofollow
https://meadowledger.com/posts/841,77.0,"2,417",https://acme-outdoors.com,acme-outdoors,2024-09-17,Dofollow
https://northerngazette.info/reviews/637,48.0,"1,630",https://acme-outdoors.com,this guide,2026-01-06,Dofollow
https://granitenotes.org/posts/451,90.0,841,https://acme-outdoors.com/about,read more,2026-02-22,Dofollow
https://silverdigest.com/links/946,36.0,208,https://acme-outdoors.com/guides/packing-list,read more,2026-09-08,Nofollow
https://northernnotes.com/reviews/505,61.0,"1,179",https://acme-outdoors.com/products,click here,2025-03-05,Dofollow
https://meadowreview.com/links/959,72.0,"1,485",https://acme-outdoors.com/guides/packing-list,outdoor gear,2023-10-26,Nofollow
https://willowweekly.com/resources/594,52.0,"1,252",https://acme-outdoors.com,acme-outdoors,2025-10-05,Dofollow
https://maplenotes.com/reviews/995,19.0,279,https://acme-outdoors.com/about,outdoor gear,2024-12-20,Dofollow
https://northernjournal.com/posts/662,73.0,557,https://acme-outdoors.com,read more,2026-09-12,Nofollow
https://www.quietreview.com/reviews/284,67.0,"2,830",https://acme-outdoors.com/products,read more,2025-06-11,Dofollow
https://silvertrail.com/resources/871,61.0,961,https://acme-outdoors.com/,read more,2024-06-11,Dofollow
https://harbourcompass.io/reviews/59,65.0,"1,190",https://acme-outdoors.com,read more,2025-03-17,Dofollow
https://meadowatlas.com/posts/851,51.0,"1,142",https://acme-outdoors.com/products,read more,2024-02-24,Dofollow
https://copperatlas.com/posts/827,41.0,824,https://acme-outdoors.com/about,click here,2023-11-03,Nofollow
https://valleygazette.org/reviews/917,45.0,"1,480",https://acme-outdoors.com/products,click here,2023-02-23,Dofollow
https://emberjournal.info/links/950,15.0,369,https://acme-outdoors.com/,outdoor gear,2024-11-05,Dofollow
https://copperatlas.com/links/753,55.0,"1,228",https://acme-outdoors.com/about,click here,2026-07-11,Dofollow
https://brightweekly.blog/reviews/630,59.0,442,https://acme-outdoors.com/products,outdoor gear,2023-11-19,Dofollow
https://silverweekly.com/links/931,56.0,843,https://acme-outdoors.com/guides/packing-list,read more,2024-10-14,Dofollow
https://summitatlas.com/reviews/368,53.0,"1,827",https://acme-outdoors.com/blog/best-gear,read more,2023-06-18,Dofollow
https://lanterncompass.net/links/446,42.0,816,https://acme-outdoors.com/,read more,2023-08-22,Dofollow
https://harbourtribune.com/posts/561,59.0,772,https://acme-outdoors.com/about,read more,2025-08-20,Nofollow
https://quietalmanac.com/reviews/729,2.0,0,https://acme-outdoors.com/about,,2025-06-26,Dofollow
https://valleygazette.com/links/82,88.0,"1,603",https://acme-outdoors.com,click here,2025-12-06,Dofollow
https://silverfield.com/links/567,52.0,959,https://acme-outdoors.com/about,,2023-10-10,Dofollow
https://valleydigest.com/,88.0,4,https://acme-outdoors.com/,,2025-07-09,Dofollow
https://summitoutpost.com/posts/281,49.0,386,https://acme-outdoors.com/guides/packing-list,click here,2024-08-26,Dofollow
https://lanternreview.com/resources/288,62.0,896,https://acme-outdoors.com/products,,2026-06-13,Dofollow
https://valleyatlas.com/links/67,94.0,"1,043",https://acme-outdoors.com/about,,2026-05-25,Dofollow
https://lanterncabin.net/links/480,54.0,"1,791",https://acme-outdoors.com/products,,2023-07-26,Dofollow
http://replica-watch-deals.buzz/,10.0,11,https://acme-outdoors.com/,best deals,2026-01-13,Dofollow
https://www.meadowoutpost.net/archive/370,59.0,598,https://acme-outdoors.com/blog/best-gear,acme-outdoors,2024-05-23,Dofollow
https://harbourledger.org/links/929,15.0,506,https://acme-outdoors.com/,,2025-09-05,Nofollow
https://willowjournal.blog/resources/136,58.0,"2,035",https://acme-outdoors.com/guides/packing-list,outdoor gear,2025-11-17,Dofollow
https://mapleatlas.blog/posts/522,48.0,410,https://acme-outdoors.com/products,read more,2025-07-17,Dofollow
https://willowcompass.com/reviews/814,44.0,"1,372",https://acme-outdoors.com/products,this guide,2023-11-24,Nofollow
https://meadowledger.org/links/480,77.0,"1,096",https://acme-outdoors.com/about,this guide,2024-03-23,Dofollow
http://seo1234567.click/,7.0,13,https://acme-outdoors.com/,best deals,2026-01-13,Dofollow
https://lanternfield.blog/resources/689,44.0,609,https://acme-outdoors.com/about,acme-outdoors,2024-09-27,Dofollow
https://emberatlas.net/reviews/192,68.0,614,https://acme-outdoors.com/products,outdoor gear,2024-01-23,Dofollow
https://granitecabin.net/resources/258,24.0,815,https://acme-outdoors.com/guides/packing-list,outdoor gear,2026-11-06,Dofollow
https://blog.acme-outdoors.com/news/1,48.0,900,https://acme-outdoors.com/,home,2024-05-02,Dofollow
https://cedaralmanac.io/reviews/332,72.0,"2,432",https://acme-outdoors.com/about,outdoor gear,2026-06-04,Nofollow
https://silveroutpost.io/reviews/470,39.0,0,https://acme-outdoors.com/about,,2024-06-17,Nofollow
https://brighttribune.co/posts/447,46.0,200,https://acme-outdoors.com/about,acme-outdoors,2024-09-14,Dofollow
https://granitefield.com/resources/672,37.0,872,https://acme-outdoors.com/,this guide,2024-01-25,Nofollow
https://www.silvercabin.com/reviews/286,7.0,424,https://acme-outdoors.com/products,,2023-09-01,Dofollow
https://brightgazette.com/posts/478,70.0,"1,008",https://acme-outdoors.com/products,acme-outdoors,2023-05-01,Dofollow
https://silvercabin.com/reviews/286,11.0,424,https://acme-outdoors.com/products,,2023-09-01,Dofollow
https://summitfield.info/resources/529,43.0,"1,588",https://acme-outdoors.com/guides/packing-list,this guide,2025-05-19,Dofollow
https://harbourreview.com/links/569,54.0,"2,265",https://acme-outdoors.com,click here,2025-09-09,Dofollow
https://lanterndigest.com/links/179,47.0,"1,390",https://acme-outdoors.com/guides/packing-list,,2026-10-03,Dofollow
https://harbouroutpost.co/reviews/254,88.0,"1,038",https://acme-outdoors.com/products,outdoor gear,2026-04-23,Dofollow
https://harbourgazette.blog/links/831,91.0,"1,813",https://acme-outdoors.com/blog/best-gear,,2024-10-08,Nofollow
https://northerngazette.co/posts/387,71.0,"1,603",https://acme-outdoors.com/blog/best-gear,outdoor gear,2025-11-25,Dofollow
https://northerntrail.org/posts/465,66.0,696,https://acme-outdoors.com/,outdoor gear,2026-07-06,Dofollow
https://quietledger.com/links/122,52.0,747,https://acme-outdoors.com/about,this guide,2025-05-03,Nofollow
https://coppertribune.io/resources/602,10.0,118,https://acme-outdoors.com,acme-outdoors,2024-05-07,Nofollow
https://willownotes.com/posts/531,20.0,436,https://acme-outdoors.com/guides/packing-list,this guide,2024-03-05,Dofollow
https://quietalmanac.com/links/805,61.0,728,https://acme-outdoors.com/about,,2025-09-14,Dofollow
https://brightledger.com/reviews/843,58.0,"1,518",https://acme-outdoors.com/products,click here,2024-10-26,Dofollow
https://northerntrail.com/posts/568,75.0,"1,289",https://acme-outdoors.com/guides/packing-list,click here,2023-04-09,Nofollow
https://brightgazette.blog/resources/69,45.0,"1,310",https://acme-outdoors.com/guides/packing-list,click here,2025-12-05,Dofollow
https://mapleweekly.com/posts/548,48.0,"1,799",https://acme-outdoors.com,this guide,2025-12-11,Dofollow
https://summitdigest.com/resources/835,52.0,916,https://acme-outdoors.com/about,click here,2025-12-16,Dofollow
https://granitealmanac.org/links/348,37.0,"1,061",https://acme-outdoors.com/blog/best-gear,read more,2023-04-03,Nofollow
https://willowoutpost.net/links/473,31.0,911,https://acme-outdoors.com/products,this guide,2026-10-05,Dofollow
https://silverreview.org/resources/638,57.0,"1,053",https://acme-outdoors.com/guides/packing-list,this guide,2024-09-09,Dofollow
https://silveroutpost.org/resources/546,43.0,971,https://acme-outdoors.com/about,,2023-05-24,Nofollow
https://cedartribune.net/reviews/598,44.0,"1,349",https://acme-outdoors.com,acme-outdoors,2025-11-18,Dofollow
https://copperfield.net/links/771,28.0,799,https://acme-outdoors.com/about,,2023-05-06,Dofollow
https://lanternjournal.net/resources/286,63.0,781,https://acme-outdoors.com/products,outdoor gear,2025-05-16,Nofollow
https://brightdigest.net/resources/161,48.0,"1,755",https://acme-outdoors.com/,click here,2024-07-18,Dofollow
https://harbourdigest.com/links/101,57.0,"1,732",https://acme-outdoors.com/blog/best-gear,acme-outdoors,2025-04-13,Dofollow
https://summitweekly.com/posts/546,41.0,879,https://acme-outdoors.com,click here,2023-05-24,Dofollow
https://quietreview.com/reviews/284,71.0,"2,830",https://acme-outdoors.com/products,read more,2025-06-11,Dofollow
https://granitejournal.com/links/28,38.0,598,https://acme-outdoors.com/,this guide,2025-10-26,Nofollow
https://summitnotes.co/links/876,55.0,700,https://acme-outdoors.com/,acme-outdoors,2023-06-09,Dofollow
https://quietweekly.com/links/261,38.0,"1,476",https://acme-outdoors.com/products,acme-outdoors,2023-04-08,Nofollow
https://summitnotes.com/posts/480,51.0,0,https://acme-outdoors.com,outdoor gear,2026-05-12,Dofollow
https://northerncompass.info/posts/517,54.0,"1,015",https://acme-outdoors.com/blog/best-gear,outdoor gear,2026-04-04,Dofollow
https://meadowoutpost.net/posts/370,59.0,598,https://acme-outdoors.com/blog/best-gear,acme-outdoors,2024-05-23,Dofollow
https://mapleoutpost.com/reviews/53,58.0,"1,318",https://acme-outdoors.com/products,acme-outdoors,2026-02-07,Nofollow
https://brightoutpost.com/posts/266,99.0,"1,723",https://acme-outdoors.com/,read more,2026-11-12,Dofollow
https://silvergazette.com/reviews/39,39.0,662,https://acme-outdoors.com/,click here,2024-10-05,Dofollow
https://emberalmanac.com/resources/368,71.0,"1,565",https://acme-outdoors.com/products,read more,2026-06-26,Dofollow
https://silveralmanac.com/links/743,67.0,"2,445",https://acme-outdoors.com/,click here,2024-11-01,Dofollow
https://quietjournal.com/resources/712,51.0,"1,069",https://acme-outdoors.com/,outdoor gear,2023-09-08,Dofollow
https://coppertribune.com/posts/32,48.0,"1,959",https://acme-outdoors.com/guides/packing-list,acme-outdoors,2025-06-16,Dofollow
https://northernfield.com/posts/586,56.0,"1,967",https://acme-outdoors.com/,,2023-04-19,Nofollow
https://quietjournal.com/posts/588,68.0,"2,234",https://acme-outdoors.com/blog/best-gear,click here,2024-02-15,Dofollow
https://silverfield.com/reviews/244,60.0,"1,480",https://acme-outdoors.com/guides/packing-list,acme-outdoors,2023-05-05,Dofollow
https://cedarjournal.com/reviews/106,64.0,"1,869",https://acme-outdoors.com/guides/packing-list,click here,2025-01-17,Dofollow
https://coppergazette.blog/resources/572,95.0,"2,976",https://acme-outdoors.com/products,read more,2026-09-15,Nofollow
https://brightcompass.io/reviews/516,58.0,"1,615",https://acme-outdoors.com/blog/best-gear,outdoor gear,2024-04-08,Dofollow
https://lanterndigest.blog/links/427,45.0,"1,008",https://acme-outdoors.com/,acme-outdoors,2026-09-16,Nofollow
https://summitatlas.info/resources/33,39.0,"1,280",https://acme-outdoors.com,click here,2025-03-04,Dofollow
https://harbouratlas.com/posts/182,29.0,709,https://acme-outdoors.com/products,,2025-06-20,Dofollow
https://mapledigest.info/resources/148,81.0,"1,333",https://acme-outdoors.com/about,read more,2023-06-02,Dofollow
https://lanternfield.net/reviews/446,60.0,689,https://acme-outdoors.com,outdoor gear,2025-10-18,Nofollow
http://payday-loan-fast-cash-today.icu/,1.0,37,https://acme-outdoors.com/,best deals,2026-01-01,Dofollow
https://granitealmanac.com/resources/985,37.0,"1,251",https://acme-outdoors.com/products,acme-outdoors,2026-09-21,Nofollow
https://cedarcompass.com/reviews/766,53.0,"1,474",https://acme-outdoors.com/about,,2026-09-05,Nofollow
https://maplealmanac.com/links/475,38.0,400,https://acme-outdoors.com/guides/packing-list,click here,2026-08-04,Nofollow
https://silvercompass.com/posts/514,68.0,"1,389",https://acme-outdoors.com/guides/packing-list,this guide,2025-11-01,Dofollow
https://willowreview.blog/reviews/300,61.0,"2,472",https://acme-outdoors.com,acme-outdoors,2023-10-24,Nofollow
https://lanterncabin.com/posts/722,24.0,692,https://acme-outdoors.com/blog/best-gear,click here,2024-10-04,Dofollow
https://silverdigest.com/resources/615,71.0,"2,063",https://acme-outdoors.com/,outdoor gear,2023-11-13,Dofollow
https://summittrail.io/posts/414,39.0,830,https://acme-outdoors.com/guides/packing-list,read more,2025-11-21,Dofollow
https://embernotes.co/posts/752,37.0,667,https://acme-outdoors.com,click here,2025-04-09,Dofollow
https://cedargazette.com/links/139,43.0,198,https://acme-outdoors.com/,this guide,2023-06-27,Dofollow
https://copperweekly.com/,n/a,-,https://acme-outdoors.com/about,about,,Nofollow
https://cedarjournal.com/reviews/926,33.0,658,https://acme-outdoors.com/blog/best-gear,,2026-01-24,Dofollow
https://quietdigest.com/reviews/466,48.0,"1,128",https://acme-outdoors.com/guides/packing-list,read more,2026-09-27,Dofollow
https://summitnotes.io/reviews/688,46.0,"1,798",https://acme-outdoors.com/blog/best-gear,outdoor gear,2025-11-09,Dofollow
https://meadowledger.com/reviews/580,41.0,598,https://acme-outdoors.com,click here,2024-08-20,Dofollow
https://meadowtribune.com/posts/178,36.0,"1,189",https://acme-outdoors.com/about,,2024-12-03,Dofollow
https://silvercabin.co/links/506,42.0,861,https://acme-outdoors.com/,outdoor gear,2023-05-17,Nofollow
https://silvercabin.blog/posts/639,58.0,"1,499",https://acme-outdoors.com/about,outdoor gear,2023-10-18,Dofollow
https://emberoutpost.com/links/310,38.0,584,https://acme-outdoors.com/products,outdoor gear,2024-11-20,Dofollow
https://silvergazette.net/links/453,48.0,"1,515",https://acme-outdoors.com/products,outdoor gear,2024-12-27,Dofollow
https://willowledger.io/reviews/622,56.0,886,https://acme-outdoors.com/blog/best-gear,this guide,2026-08-22,Dofollow
https://lanternoutpost.net/reviews/817,47.0,"1,534",https://acme-outdoors.com/about,click here,2026-02-01,Dofollow
https://meadowalmanac.co/reviews/668,58.0,"1,375",https://acme-outdoors.com/,read more,2026-01-19,Dofollow
https://northernjournal.com/reviews/709,53.0,"1,065",https://acme-outdoors.com,outdoor gear,2026-06-22,Dofollow
https://northernalmanac.com/links/862,49.0,"1,683",https://acme-outdoors.com/guides/packing-list,outdoor gear,2024-09-12,Dofollow
https://www.granitefield.com/resources/672,35.0,872,https://acme-outdoors.com/,this guide,2024-01-25,Nofollow
https://cedarcabin.com/links/442,56.0,"1,332",https://acme-outdoors.com/guides/packing-list,click here,2025-11-21,Dofollow
https://mapletrail.com/links/79,54.0,"1,991",https://acme-outdoors.com,this guide,2026-06-16,Dofollow

