Linking Site	Trust Score	Sites Linking In	Page To	Rel	Found On	Category
meadownotes.com	26	577	https://summit-supply.net/blog/best-gear?utm_source=tool-c		23.01.2026	outdoor
valleyreview.com	0	0	https://summit-supply.net/?utm_source=tool-c	rel=nofollow	21.12.2025	outdoor
replica-watch-deals.buzz	0	9	https://summit-supply.net/?utm_source=tool-c		06.01.2026	outdoor
silvercabin.io	50	1000	https://summit-supply.net/guides/packing-list?utm_source=tool-c		04.03.2024	outdoor
graniteledger.com	38	281	https://summit-supply.net/?utm_source=tool-c		04.06.2026	outdoor
mapleweekly.com	38	1137	https://summit-supply.net/about?utm_source=tool-c	rel=nofollow	19.02.2026	outdoor
meadowledger.com	33	884	https://summit-supply.net/about?utm_source=tool-c		26.06.2025	outdoor
NORTHERNCABIN.COM	22	456	https://summit-supply.net/about?utm_source=tool-c	rel=nofollow	01.11.2024	outdoor
granitecabin.io	55	1010	https://summit-supply.net/about?utm_source=tool-c		18.02.2024	outdoor
northernalmanac.com	32	765	https://summit-supply.net/about?utm_source=tool-c		09.03.2025	outdoor
quietnotes.net	38	863	https://summit-supply.net/blog/best-gear?utm_source=tool-c	rel=nofollow	22.06.2026	outdoor
harbourledger.blog	35	464	https://summit-supply.net/about?utm_source=tool-c		26.04.2024	outdoor
lanterntribune.info	15	461	https://summit-supply.net/blog/best-gear?utm_source=tool-c	rel=nofollow	16.11.2025	outdoor
summitledger.com	50	1478	https://summit-supply.net/guides/packing-list?utm_source=tool-c		10.09.2026	outdoor
MAPLEATLAS.COM	38	136	https://summit-supply.net/blog/best-gear?utm_source=tool-c		19.09.2025	outdoor
copperfield.co	63	1401	https://summit-supply.net/?utm_source=tool-c		07.04.2026	outdoor
quietledger.com	32	685	https://summit-supply.net/?utm_source=tool-c		03.01.2023	outdoor
cedartribune.io	26	664	https://summit-supply.net/products?utm_source=tool-c		08.07.2023	outdoor
silvertrail.com	21	426	https://summit-supply.net/products?utm_source=tool-c		27.01.2025	outdoor
PAYDAY-LOAN-FAST-CASH-TODAY.ICU	11	1	https://summit-supply.net/?utm_source=tool-c		27.01.2026	outdoor
valleyfield.com	62	1899	https://summit-supply.net?utm_source=tool-c		03.04.2025	outdoor
meadowtribune.com	41	793	https://summit-supply.net/about?utm_source=tool-c		23.09.2026	outdoor
copperjournal.com	55	758	https://summit-supply.net/blog/best-gear?utm_source=tool-c		16.01.2023	outdoor
copperledger.org	49	340	https://summit-supply.net/guides/packing-list?utm_source=tool-c		02.12.2026	outdoor
HARBOURTRAIL.COM	18	138	https://summit-supply.net/about?utm_source=tool-c		05.08.2023	outdoor
coppertribune.com	24	677	https://summit-supply.net?utm_source=tool-c		06.04.2026	outdoor
coppertribune.com	29	677	https://summit-supply.net?utm_source=tool-c		06.04.2026	outdoor
summitatlas.blog	36	642	https://summit-supply.net/about?utm_source=tool-c		16.11.2023	outdoor
emberjournal.com	29	391	https://summit-supply.net/?utm_source=tool-c	rel=nofollow	03.01.2025	outdoor
cedarledger.org	19	224	https://summit-supply.net/blog/best-gear?utm_source=tool-c		16.11.2025	outdoor
lanternjournal.com	5	208	https://summit-supply.net/blog/best-gear?utm_source=tool-c		22.12.2023	outdoor
willowweekly.co	48	1038	https://summit-supply.net/blog/best-gear?utm_source=tool-c		01.02.2023	outdoor
blog.summit-supply.net	48	900	https://summit-supply.net/?utm_source=tool-c		02.05.2024	outdoor
COPPERFIELD.COM	10	184	https://summit-supply.net/?utm_source=tool-c		13.09.2024	outdoor
EMBEROUTPOST.COM	45	1610	https://summit-supply.net/about?utm_source=tool-c		26.06.2024	outdoor
SUMMITTRAIL.COM	56	2341	https://summit-supply.net?utm_source=tool-c		24.10.2026	outdoor
COPPEROUTPOST.COM	15	5	https://summit-supply.net/guides/packing-list?utm_source=tool-c		28.12.2024	outdoor
silveratlas.io	23	0	https://summit-supply.net/about?utm_source=tool-c		26.01.2025	outdoor
cedartribune.io	29	664	https://summit-supply.net/products?utm_source=tool-c		08.07.2023	outdoor
meadowweekly.com	15	474	https://summit-supply.net/guides/packing-list?utm_source=tool-c		12.08.2025	outdoor
lanternalmanac.com	0	0	https://summit-supply.net?utm_source=tool-c		08.11.2024	outdoor
valleyledger.info	33	199	https://summit-supply.net/products?utm_source=tool-c	rel=nofollow	10.10.2023	outdoor
COPPERCABIN.IO	2	28	https://summit-supply.net/about?utm_source=tool-c	rel=nofollow	10.04.2025	outdoor
silverreview.com	62	540	https://summit-supply.net/guides/packing-list?utm_source=tool-c		10.08.2025	outdoor
quietcabin.io	50	1385	https://summit-supply.net/products?utm_source=tool-c		21.07.2025	outdoor
silverjournal.net	39	950	https://summit-supply.net?utm_source=tool-c	rel=nofollow	28.01.2023	outdoor
VALLEYTRAIL.COM	32	1120	https://summit-supply.net/blog/best-gear?utm_source=tool-c		08.09.2026	outdoor
silverjournal.info	45	1356	https://summit-supply.net/guides/packing-list?utm_source=tool-c		13.06.2025	outdoor
brightalmanac.info	9	266	https://summit-supply.net/blog/best-gear?utm_source=tool-c		06.08.2026	outdoor
brighttrail.org	27	708	https://summit-supply.net/products?utm_source=tool-c		14.11.2025	outdoor
brightweekly.com	5	44	https://summit-supply.net/blog/best-gear?utm_source=tool-c		18.04.2026	outdoor
valleyatlas.co	88	4	https://summit-supply.net/?utm_source=tool-c		09.07.2025	outdoor
lanternalmanac.com	0	0	https://summit-supply.net?utm_source=tool-c		08.11.2024	outdoor
graniteoutpost.io	13	269	https://summit-supply.net/products?utm_source=tool-c		17.10.2024	outdoor
copperjournal.info	6	131	https://summit-supply.net/about?utm_source=tool-c		15.03.2024	outdoor
QUIETFIELD.COM	20	582	https://summit-supply.net/blog/best-gear?utm_source=tool-c		09.04.2023	outdoor
QUIETFIELD.COM	18	582	https://summit-supply.net/blog/best-gear?utm_source=tool-c		09.04.2023	outdoor
silverfield.blog	48	840	https://summit-supply.net/?utm_source=tool-c		05.01.2023	outdoor
silvertribune.com	55	1558	https://summit-supply.net/?utm_source=tool-c	rel=nofollow	09.02.2025	outdoor
quietcompass.co	31	425	https://summit-supply.net/products?utm_source=tool-c		22.03.2025	outdoor
mapletrail.org	20	292	https://summit-supply.net/blog/best-gear?utm_source=tool-c		11.09.2026	outdoor
COPPEROUTPOST.COM	13	95	https://summit-supply.net/?utm_source=tool-c		25.04.2024	outdoor
lanternfield.com	37	1023	https://summit-supply.net/guides/packing-list?utm_source=tool-c	rel=nofollow	20.10.2024	outdoor
LANTERNCABIN.COM	6	236	https://summit-supply.net/about?utm_source=tool-c		26.10.2023	outdoor
brightweekly.com	n/a	-	https://summit-supply.net/about?utm_source=tool-c	rel=nofollow		outdoor
meadowcompass.com	37	1016	https://summit-supply.net/about?utm_source=tool-c		04.07.2025	outdoor
granitetrail.com	39	1316	https://summit-supply.net/blog/best-gear?utm_source=tool-c		16.12.2026	outdoor
brightreview.com	28	1215	https://summit-supply.net/blog/best-gear?utm_source=tool-c		01.01.2025	outdoor
cedarcompass.io	28	926	https://summit-supply.net/guides/packing-list?utm_source=tool-c		21.05.2025	outdoor
embertrail.com	11	426	https://summit-supply.net/products?utm_source=tool-c		04.11.2023	outdoor
lanterntrail.com	33	691	https://summit-supply.net/products?utm_source=tool-c		17.10.2025	outdoor
harbourjournal.com	47	968	https://summit-supply.net/guides/packing-list?utm_source=tool-c		12.06.2025	outdoor
coppercompass.net	59	2194	https://summit-supply.net/about?utm_source=tool-c		09.08.2023	outdoor
QUIETFIELD.COM	22	230	https://summit-supply.net/guides/packing-list?utm_source=tool-c		12.03.2024	outdoor
northerncompass.io	30	589	https://summit-supply.net?utm_source=tool-c		03.07.2024	outdoor
silverfield.blog	35	1056	https://summit-supply.net?utm_source=tool-c		16.07.2024	outdoor
meadowoutpost.com	57	1372	https://summit-supply.net/about?utm_source=tool-c		11.06.2025	outdoor
harbouroutpost.org	6	82	https://summit-supply.net/about?utm_source=tool-c		03.02.2025	outdoor
summitledger.com	28	699	https://summit-supply.net/products?utm_source=tool-c		02.02.2026	outdoor
cheap-pills-express.top	7	5	https://summit-supply.net/?utm_source=tool-c		25.01.2026	outdoor
